"ID","mes","musica","instrumento","visualizacoes","versoes","curtidas","propagandas","conseguiram_tocar","nao_conseguiram_tocar"
1,"May","Será","Guitarra",100001,7,24873,499.84947319594,49927,9960
2,"October","Será","Cavaquinho",99735,7,25221,502.341739004375,49629,9972
3,"June","Há Tempos","Cavaquinho",100081,4,24955,501.090855304368,50199,9753
4,"January","Pais e Filhos","Violão",100508,10,25023,502.688171028838,49467,10036
5,"June","Quase Sem Querer","Guitarra",99841,6,25024,499.332988265775,50148,9845
6,"August","Há Tempos","Apenas Letra",99477,15,24857,499.878719091673,49763,9934
7,"October","A Carta","Baixo",100245,4,24930,494.273639581721,50055,10049
8,"October","Há Tempos","Cavaquinho",100238,6,25055,494.079525101206,50293,9980
9,"November","Vento No Litoral","Baixo",99699,7,25198,500.833907546475,50168,10039
10,"January","Vento No Litoral","Guitarra",100656,7,24991,505.282831773699,49838,9907
11,"June","Faroeste Caboclo","Ukulele",100566,11,25058,502.277921354631,49841,9976
12,"March","Giz","Cavaquinho",100228,6,25131,498.113538086683,50432,10008
13,"April","Tempo Perdido","Violão",99834,6,24727,500.019855972919,50099,9901
14,"November","A Carta","Guitarra",99691,6,25096,496.767090754083,50046,9867
15,"January","Quase Sem Querer","Violão",100109,9,25027,500.013725321131,50017,9986
16,"February","A Carta","Baixo",100207,10,25013,503.044977688731,50160,10020
17,"June","Há Tempos","Violão",100544,5,25173,491.245024546448,50223,10146
18,"April","Pais e Filhos","Apenas Letra",99643,9,24918,499.478407491543,50394,9771
19,"May","Vento No Litoral","Baixo",100418,10,24956,498.805013803925,50138,10021
20,"February","Ainda É Cedo","Teclado",100259,8,24804,502.77110696264,50026,10147
21,"August","Tempo Perdido","Guitarra",100129,6,24808,499.317459880735,49755,10209
22,"January","Há Tempos","Guitarra",99898,6,25137,503.775205735189,50281,9956
23,"July","Há Tempos","Violão",99714,7,24892,500.761272473717,50180,10128
24,"February","A Carta","Guitarra",99859,8,25102,498.23736295737,50158,10059
25,"April","A Carta","Violão",99774,10,24887,502.788128436683,50185,9899
26,"September","Tempo Perdido","Violão",100349,8,25212,500.031275648212,49881,9725
27,"May","Índios","Violão",99750,18,24891,499.888000187021,49749,9853
28,"August","Índios","Cavaquinho",100495,9,25161,497.309597237097,49930,9922
29,"September","Índios","Ukulele",99846,13,25294,493.912014870922,50132,9865
30,"August","Índios","Ukulele",99735,13,25163,499.107473818328,49916,9993
31,"November","Quase Sem Querer","Teclado",99597,10,24923,496.99320722917,50016,9962
32,"December","Giz","Apenas Letra",99766,10,24966,502.931487538962,50097,10013
33,"April","Ainda É Cedo","Violão",99800,9,25079,499.22529527327,50116,9894
34,"October","Giz","Apenas Letra",99753,10,24971,501.486839699312,50053,9891
35,"May","Giz","Ukulele",100347,13,24897,503.10958533316,50208,10081
36,"November","Será","Guitarra",99891,7,24959,496.562227318377,50489,9910
37,"December","Vento No Litoral","Apenas Letra",99708,10,25139,498.494392705631,50302,9923
38,"October","Quase Sem Querer","Violão",99713,8,25043,505.405167214023,49661,10089
39,"May","Será","Ukulele",100262,10,24721,494.878929223995,49807,10013
40,"July","Vento No Litoral","Baixo",100075,17,25005,499.951330273824,50146,10101
41,"February","Será","Cavaquinho",100084,6,25216,502.146347288262,49873,10211
42,"April","Há Tempos","Cavaquinho",100296,11,25084,501.211789111892,50346,10061
43,"March","Vento No Litoral","Teclado",99831,13,25146,500.111364251093,50025,10096
44,"October","Fábrica","Baixo",100036,10,24804,499.536310836851,49913,9898
45,"August","Quase Sem Querer","Baixo",99987,6,24743,496.900796559773,50079,10032
46,"November","Vento No Litoral","Violão",99850,10,24761,500.501206840061,50024,10040
47,"July","Quase Sem Querer","Ukulele",100198,13,24819,499.098196252863,50132,10087
48,"January","Há Tempos","Teclado",100744,8,24955,502.482215791291,49804,10056
49,"January","Quase Sem Querer","Violão",99974,11,25002,509.111776379111,50332,9978
50,"January","Fábrica","Guitarra",100015,13,24577,492.057379966506,49793,9916
51,"December","Tempo Perdido","Violão",100316,12,25054,503.537299358384,50091,10104
52,"November","Vento No Litoral","Guitarra",99952,10,25096,497.047203678791,50067,9775
53,"June","Índios","Violão",99799,7,24758,497.397706778696,50191,9999
54,"March","Pais e Filhos","Teclado",100694,17,25032,503.320546525684,50187,9933
55,"November","Faroeste Caboclo","Baixo",100480,14,24708,500.562469174193,50038,10089
56,"March","Vento No Litoral","Violão",100568,6,25153,501.468290919019,49415,9884
57,"February","A Carta","Baixo",99880,11,24718,500.86763065933,49539,9969
58,"September","Ainda É Cedo","Cavaquinho",100068,14,24855,496.965584662743,50156,10006
59,"February","Giz","Cavaquinho",100500,14,24934,497.525901757236,49978,10023
60,"June","Ainda É Cedo","Cavaquinho",100028,5,24928,500.250393309618,49556,10011
61,"February","Vento No Litoral","Cavaquinho",99687,11,24868,497.479103218446,49804,9932
62,"September","Há Tempos","Baixo",99232,8,24803,498.363109440564,50026,10018
63,"March","Giz","Ukulele",100059,5,24914,503.097788321522,50049,10001
64,"July","Será","Teclado",99752,7,24844,497.061330651143,50043,9916
65,"March","Fábrica","Guitarra",99532,6,25215,498.875632100804,49279,9934
66,"October","Será","Cavaquinho",100282,15,24918,501.490046387628,50046,9979
67,"April","Quase Sem Querer","Ukulele",99771,9,24945,499.730818777821,49731,10112
68,"July","Índios","Ukulele",99906,12,25008,501.257555534289,49944,9948
69,"December","Pais e Filhos","Apenas Letra",99759,6,25200,502.259881293075,49637,10054
70,"March","Faroeste Caboclo","Apenas Letra",100338,5,25090,499.959802123035,49972,10062
71,"April","Faroeste Caboclo","Cavaquinho",100114,13,25188,495.362855809394,50307,10040
72,"February","Tempo Perdido","Violão",100032,8,24828,503.605499936589,50020,10021
73,"May","A Carta","Teclado",100336,14,25008,496.784057124959,49883,9872
74,"November","Índios","Violão",100002,10,24852,502.740850107285,50075,10012
75,"April","Ainda É Cedo","Cavaquinho",99899,8,24986,501.603091977835,50034,10013
76,"June","Vento No Litoral","Cavaquinho",100027,5,25012,502.825496425113,50242,9999
77,"March","Fábrica","Teclado",100180,8,25170,501.063261528268,50079,10023
78,"June","Será","Apenas Letra",99618,12,24859,499.526161904058,49814,9929
79,"December","Índios","Guitarra",99964,10,25075,502.593034174266,49704,10023
80,"April","Quase Sem Querer","Teclado",100497,8,25052,500.249667215674,50173,9954
81,"January","Giz","Cavaquinho",99922,9,25206,498.105895878178,49918,9869
82,"August","Fábrica","Guitarra",100327,8,25107,503.435445171128,49853,9945
83,"June","Fábrica","Ukulele",100107,14,25299,508.791058694812,49835,10000
84,"February","Quase Sem Querer","Guitarra",99790,14,25097,501.723014744713,50091,9843
85,"March","Vento No Litoral","Violão",100574,7,24809,501.904050566591,49600,9771
86,"October","Giz","Baixo",100519,14,25047,500.946813400864,49789,10091
87,"September","Quase Sem Querer","Ukulele",99946,11,25095,501.700828073497,49813,9964
88,"September","Ainda É Cedo","Apenas Letra",99576,11,24825,496.187720046557,49939,10114
89,"April","A Carta","Teclado",100510,13,24949,503.27214302362,49917,9998
90,"July","Será","Violão",100335,14,24916,501.62173505929,50169,9975
91,"September","Fábrica","Ukulele",100313,9,24675,502.272322048201,50001,10025
92,"August","Fábrica","Cavaquinho",100698,7,25125,500.704595033308,49815,9948
93,"October","Índios","Ukulele",100374,4,25389,503.195386420272,49739,9981
94,"September","Faroeste Caboclo","Teclado",99317,15,24938,501.743433425027,50177,10059
95,"April","Tempo Perdido","Baixo",99899,5,25040,498.348424874417,50189,10053
96,"May","Ainda É Cedo","Violão",100488,10,25174,496.13830800026,49870,9924
97,"April","Vento No Litoral","Teclado",99270,6,25150,501.378903793694,49715,9981
98,"September","Fábrica","Ukulele",100032,1,25066,500.759137544292,49979,10009
99,"August","Quase Sem Querer","Guitarra",100431,14,24803,494.209138755087,50028,10038
100,"August","Faroeste Caboclo","Guitarra",100233,14,24720,497.241187069376,50110,9925
101,"June","Tempo Perdido","Violão",100200,4,25055,500.385851482653,49532,10099
102,"October","Pais e Filhos","Cavaquinho",99305,14,25110,499.121059344406,49658,10263
103,"September","Vento No Litoral","Guitarra",99763,16,24972,503.270550796857,50052,9844
104,"March","Tempo Perdido","Ukulele",100167,9,24934,502.639646028916,49880,9991
105,"November","Índios","Violão",100080,9,24961,504.074918683564,49956,9917
106,"March","Quase Sem Querer","Guitarra",99540,9,25061,502.925233997656,50244,10011
107,"September","Será","Guitarra",99773,10,24988,500.449132055889,50016,10061
108,"May","Vento No Litoral","Violão",99928,14,24917,498.099800942075,50091,9947
109,"August","Vento No Litoral","Cavaquinho",100042,11,24793,493.223895736329,50248,10063
110,"July","Faroeste Caboclo","Cavaquinho",99631,6,25137,496.495171724082,50092,9972
111,"January","Vento No Litoral","Cavaquinho",100191,15,25066,501.728032268708,49823,9768
112,"December","Índios","Teclado",99690,11,24949,499.674011994657,50129,10010
113,"July","Índios","Baixo",100001,7,24805,498.6985726621,49664,9949
114,"February","A Carta","Guitarra",99780,11,25066,506.376139787686,49885,9947
115,"January","Quase Sem Querer","Ukulele",100573,8,24927,500.032647523886,49920,10124
116,"October","Giz","Baixo",99677,8,25117,496.798604559209,50157,10191
117,"July","Ainda É Cedo","Violão",99845,6,25004,507.226301977455,49914,9943
118,"June","Vento No Litoral","Violão",100344,11,25120,489.351916648106,49768,10159
119,"July","Fábrica","Apenas Letra",99784,12,24917,505.511353226401,49984,9766
120,"September","Pais e Filhos","Guitarra",99509,17,25225,498.848615914112,50011,9756
121,"December","Faroeste Caboclo","Violão",100052,9,25053,494.896419823942,49784,9863
122,"September","Faroeste Caboclo","Baixo",99988,13,24881,499.861499435472,50253,10000
123,"September","Fábrica","Violão",99741,8,24949,494.87938659233,50015,9929
124,"October","Fábrica","Apenas Letra",100762,13,25078,491.181270479032,50061,10161
125,"May","Fábrica","Ukulele",99835,9,24911,506.289266333637,49695,10029
126,"January","Faroeste Caboclo","Guitarra",99706,13,24784,500.85584333227,49924,9833
127,"April","A Carta","Teclado",99831,15,25054,505.477543763238,49645,9872
128,"March","A Carta","Cavaquinho",100338,10,25359,501.97963177893,50031,10008
129,"November","Tempo Perdido","Cavaquinho",99793,8,24883,497.59583671489,50048,9968
130,"August","Será","Guitarra",99832,12,25062,496.389856835972,49871,10026
131,"February","Faroeste Caboclo","Teclado",99706,12,24626,507.965653771055,49983,10138
132,"December","Faroeste Caboclo","Guitarra",100196,6,25032,499.656662290383,50295,9879
133,"November","Fábrica","Cavaquinho",99497,10,24878,497.285841536974,49597,9995
134,"August","Pais e Filhos","Guitarra",99370,15,25106,496.199764247477,49821,9894
135,"January","Pais e Filhos","Baixo",100341,6,24883,499.838700067196,50433,9965
136,"June","Será","Teclado",100088,9,25191,499.338504320402,49915,10181
137,"April","Pais e Filhos","Apenas Letra",100000,15,24927,498.235676487352,49931,9918
138,"February","Giz","Guitarra",99701,6,25036,501.763467926128,50211,10248
139,"October","Faroeste Caboclo","Ukulele",100484,7,24812,504.729087611888,50047,10012
140,"December","Índios","Guitarra",100489,7,24955,504.540331161616,49958,10037
141,"November","Quase Sem Querer","Ukulele",99913,11,24948,495.231772900653,50419,10023
142,"January","Índios","Violão",100447,10,24967,501.177388022224,50088,10054
143,"April","Ainda É Cedo","Cavaquinho",100051,10,24992,492.900278809721,50342,9957
144,"December","Vento No Litoral","Cavaquinho",100190,9,24874,496.134178993271,50030,9859
145,"October","Tempo Perdido","Baixo",100276,5,25033,495.450409577446,49598,9857
146,"December","Tempo Perdido","Baixo",100486,10,25079,501.1611103123,49832,9857
147,"August","Tempo Perdido","Cavaquinho",100531,5,24862,499.851453413012,50183,10099
148,"October","Pais e Filhos","Violão",99597,7,25062,501.930527102212,49827,9928
149,"August","A Carta","Violão",100045,7,24974,505.298850596021,50511,10101
150,"February","Quase Sem Querer","Apenas Letra",100276,8,25278,494.680218255391,49817,10000
151,"December","Há Tempos","Baixo",100110,10,24636,502.492435134933,49949,10030
152,"October","Pais e Filhos","Teclado",100426,16,25144,492.526822373386,50085,9978
153,"July","Vento No Litoral","Violão",99891,6,24965,502.430197445017,50030,9983
154,"December","Há Tempos","Baixo",100043,6,24933,499.657167053814,49901,10022
155,"January","A Carta","Baixo",99899,12,24894,501.572728538131,49968,10028
156,"January","Há Tempos","Ukulele",99816,10,24920,503.823750441456,50062,10050
157,"August","Fábrica","Teclado",100230,13,24908,500.220838645518,50029,10002
158,"April","Será","Baixo",99884,10,25032,501.382370433296,50064,10003
159,"June","Quase Sem Querer","Baixo",100084,11,24721,495.768771695457,50225,10040
160,"November","Vento No Litoral","Apenas Letra",100273,9,25027,494.010963972474,50008,9823
161,"March","Índios","Cavaquinho",99625,8,24601,496.577147230154,50253,9838
162,"September","Vento No Litoral","Cavaquinho",99768,11,25109,499.629798001663,49927,9978
163,"November","Ainda É Cedo","Guitarra",100347,10,25179,498.236185528606,50064,9968
164,"July","Tempo Perdido","Apenas Letra",99592,8,25151,500.329628003153,50030,9964
165,"May","Ainda É Cedo","Ukulele",99927,10,24946,503.462858987303,49802,10143
166,"August","Índios","Guitarra",100518,20,25114,504.644618222407,49802,10013
167,"November","Índios","Violão",99431,9,25069,501.314002412489,49673,9958
168,"November","Vento No Litoral","Cavaquinho",99933,12,25113,501.884009671232,50140,10041
169,"September","Há Tempos","Baixo",99424,9,24913,506.776928130335,49794,10086
170,"October","Vento No Litoral","Guitarra",99103,3,24958,500.192393052062,49871,9904
171,"August","Quase Sem Querer","Violão",100166,6,25159,502.192467717816,49739,9875
172,"November","Tempo Perdido","Apenas Letra",99687,12,25034,499.664215391016,49505,10004
173,"May","Vento No Litoral","Baixo",99981,13,24882,505.837517640207,50068,9933
174,"September","Fábrica","Cavaquinho",100197,7,25169,501.699875176257,49843,10020
175,"November","Tempo Perdido","Ukulele",100189,16,25078,493.661399552316,49720,10046
176,"October","Há Tempos","Violão",100150,14,24916,497.937288172653,49946,10020
177,"July","Quase Sem Querer","Cavaquinho",100524,11,25167,502.617465821588,50079,10041
178,"October","Vento No Litoral","Violão",99848,10,24854,505.803791539174,49895,10062
179,"June","Será","Teclado",100308,13,25124,499.176404396573,50157,10094
180,"January","Tempo Perdido","Cavaquinho",99596,14,24957,503.014897555201,50232,10149
181,"October","Giz","Baixo",100024,8,24723,493.738964666212,50071,10071
182,"July","Índios","Apenas Letra",99612,11,25104,505.280374101959,49807,10024
183,"February","A Carta","Teclado",99811,13,25075,498.692112713597,49800,10029
184,"December","Quase Sem Querer","Ukulele",99838,9,24931,493.990801283012,49980,9907
185,"May","Quase Sem Querer","Baixo",99393,11,24771,509.505241563121,50333,9903
186,"December","Ainda É Cedo","Cavaquinho",99939,7,24871,501.91293522942,50344,9878
187,"March","Ainda É Cedo","Teclado",99964,16,25212,495.939675745361,49744,10000
188,"March","Giz","Cavaquinho",100231,11,24990,502.748308054181,50270,9971
189,"March","Fábrica","Cavaquinho",100551,11,24847,503.290299858051,49869,9927
190,"June","Giz","Apenas Letra",100097,11,25045,494.580504468287,50230,10150
191,"April","Tempo Perdido","Baixo",100030,11,24823,500.655874381015,49739,9976
192,"September","Faroeste Caboclo","Guitarra",100083,5,25162,500.548794667222,50349,9977
193,"October","Será","Guitarra",100364,15,25062,505.931461407241,49702,9768
194,"December","Tempo Perdido","Violão",100003,13,25247,499.537814540012,49771,9909
195,"December","Faroeste Caboclo","Apenas Letra",100023,8,24906,502.490882256501,50469,10031
196,"December","Tempo Perdido","Teclado",99970,11,25048,498.496317429607,49878,10031
197,"November","Fábrica","Violão",100375,5,24889,498.398988195479,50172,9889
198,"January","Faroeste Caboclo","Baixo",99840,9,25009,501.611923345203,50290,9998
199,"November","Faroeste Caboclo","Ukulele",99732,13,25064,502.480753131686,50150,9953
200,"July","Giz","Teclado",99927,9,24991,503.07551283028,49481,10023
201,"June","Faroeste Caboclo","Ukulele",99830,9,24868,504.683188054605,49492,9852
202,"October","Pais e Filhos","Baixo",99938,6,24978,500.823659009295,49903,10053
203,"January","Vento No Litoral","Apenas Letra",100177,8,24845,502.96623415723,49591,9859
204,"September","Pais e Filhos","Apenas Letra",100112,10,25102,501.079758189062,49738,10004
205,"October","Vento No Litoral","Baixo",99903,14,25068,501.83178565445,49956,9973
206,"January","Há Tempos","Cavaquinho",100267,15,25108,494.756382525847,50074,9938
207,"November","Tempo Perdido","Apenas Letra",100317,13,25145,502.691852201164,50033,10064
208,"January","Giz","Violão",99688,9,25007,499.815013217215,50129,9796
209,"December","Faroeste Caboclo","Baixo",99342,12,25192,503.833772733486,50357,10244
210,"October","Ainda É Cedo","Baixo",100416,7,25020,500.808953833889,50067,10101
211,"November","Fábrica","Baixo",99934,9,25031,496.824364383043,49995,10014
212,"August","Quase Sem Querer","Baixo",99622,9,24707,506.101701818315,50003,9986
213,"April","Pais e Filhos","Apenas Letra",99800,3,24955,493.024175009031,49268,9998
214,"September","Será","Apenas Letra",100410,7,25106,499.641863169648,50354,9892
215,"January","Índios","Apenas Letra",99857,8,24964,499.977355465417,50079,10283
216,"September","Giz","Cavaquinho",100236,6,25102,493.494504871522,49965,10006
217,"July","Ainda É Cedo","Violão",99964,12,24894,499.041818407396,49754,9991
218,"August","Ainda É Cedo","Violão",100188,8,24936,491.302392047667,50202,9900
219,"October","Vento No Litoral","Apenas Letra",100088,6,24945,496.753847060011,50232,10212
220,"March","Giz","Violão",99806,13,25006,498.584871969708,50444,9987
221,"June","Há Tempos","Teclado",100454,3,25194,497.72435548828,49701,10108
222,"April","Quase Sem Querer","Ukulele",99464,13,25027,497.13946729781,50472,9972
223,"August","Fábrica","Baixo",99326,8,24871,500.624850338648,49918,10079
224,"November","Será","Apenas Letra",99813,4,25273,498.198241936853,50337,10053
225,"April","Há Tempos","Guitarra",99254,10,24782,502.366663238701,50051,10059
226,"November","Índios","Guitarra",99495,6,25027,497.020108687091,50118,10094
227,"January","Índios","Violão",100189,10,25150,502.54064943707,50005,9936
228,"August","Será","Apenas Letra",99753,12,24856,503.1640369432,50018,10090
229,"January","Tempo Perdido","Violão",100047,8,24740,496.968798305661,50176,9960
230,"October","Fábrica","Apenas Letra",100242,8,24895,506.287341351105,49913,9959
231,"June","Ainda É Cedo","Violão",100119,7,24920,500.492105673106,49861,10238
232,"June","Índios","Apenas Letra",100085,12,24979,502.648112342089,50365,10008
233,"June","Faroeste Caboclo","Apenas Letra",100121,12,25078,493.94039335137,50207,10103
234,"February","Faroeste Caboclo","Ukulele",100087,6,25214,498.683410695741,50214,9963
235,"January","Quase Sem Querer","Violão",99583,7,24979,499.392983841639,50234,10127
236,"March","Giz","Violão",100018,9,24792,503.271376545337,49981,10087
237,"May","Pais e Filhos","Baixo",100466,11,25277,501.647829627054,49675,9957
238,"May","Índios","Guitarra",100083,9,25220,504.668413850992,49684,10282
239,"October","Giz","Teclado",100381,13,25127,498.922949731078,49887,10070
240,"April","Fábrica","Apenas Letra",99998,16,24950,497.107998116907,50168,9914
241,"February","Tempo Perdido","Guitarra",100198,12,25199,498.676347131213,49918,9861
242,"May","Quase Sem Querer","Cavaquinho",99493,16,24986,506.579445973459,49968,9979
243,"March","A Carta","Ukulele",100318,9,25097,503.472930954501,49832,10063
244,"May","Há Tempos","Teclado",99344,12,24819,499.600174433655,50048,9940
245,"April","Giz","Guitarra",99864,13,25098,506.916922075667,50330,10052
246,"May","Tempo Perdido","Baixo",99654,7,25078,502.455125556664,50284,10001
247,"October","Vento No Litoral","Guitarra",99667,13,25153,497.720437591339,50015,9861
248,"October","Será","Cavaquinho",100198,18,25063,504.394013709135,49671,9869
249,"April","Pais e Filhos","Teclado",100463,10,25059,507.275652141416,49736,10001
250,"October","Há Tempos","Apenas Letra",99994,10,24757,496.123549366915,49987,10020
251,"January","Fábrica","Apenas Letra",99786,6,24999,506.446805660559,50140,9992
252,"March","Índios","Ukulele",99742,6,25039,495.634693738247,50200,9949
253,"July","Será","Ukulele",100113,13,24983,498.402778096942,50027,10123
254,"July","Fábrica","Cavaquinho",99798,11,25272,496.492732261645,50496,10060
255,"December","Índios","Ukulele",99632,18,24839,502.990198281536,50206,10016
256,"December","Pais e Filhos","Apenas Letra",100721,8,25360,506.653976506742,50111,9999
257,"October","Giz","Guitarra",99773,9,25050,493.798410774887,50418,10079
258,"January","Faroeste Caboclo","Violão",100467,10,25116,494.042149570385,50308,9983
259,"April","Será","Cavaquinho",100050,5,25238,505.243498508642,49756,10047
260,"April","Ainda É Cedo","Ukulele",99929,14,24959,504.82020947599,49847,9929
261,"January","Há Tempos","Guitarra",100210,13,24946,500.685431256935,49839,10111
262,"April","Pais e Filhos","Teclado",99929,12,24964,497.170803676978,49620,10147
263,"March","Vento No Litoral","Ukulele",99590,12,25135,492.922418650284,49615,10061
264,"October","Vento No Litoral","Guitarra",99930,5,25047,498.69439604997,49614,9939
265,"June","Índios","Teclado",99632,7,25115,503.08109898178,49952,9905
266,"November","Será","Apenas Letra",99916,8,24972,505.727405316607,49936,9936
267,"June","Vento No Litoral","Cavaquinho",100309,10,25089,500.380015796014,49849,10059
268,"February","Fábrica","Baixo",99828,9,25006,495.025302156864,49810,9925
269,"December","Vento No Litoral","Guitarra",100528,6,24812,501.414739827395,50252,9981
270,"July","Vento No Litoral","Cavaquinho",100147,8,25082,496.640141999809,50378,9957
271,"August","Será","Guitarra",100256,12,24934,502.650901570068,50173,9911
272,"July","Índios","Violão",100083,8,25288,503.423196067493,50465,10235
273,"October","A Carta","Apenas Letra",100019,9,25015,495.486685006923,49876,9916
274,"May","Pais e Filhos","Ukulele",99960,5,25142,496.470616411063,49800,10078
275,"August","Há Tempos","Teclado",100229,9,24997,497.898268812988,49841,9915
276,"August","Tempo Perdido","Baixo",99963,9,25080,497.915890847558,50001,10003
277,"August","Faroeste Caboclo","Apenas Letra",99310,4,24866,499.626771495024,50027,10078
278,"September","A Carta","Violão",100304,8,25129,495.949268615153,50072,9993
279,"June","Índios","Violão",100579,7,25055,500.375810649648,50712,9997
280,"October","Índios","Teclado",100232,9,24631,495.321159502257,50138,10147
281,"November","Será","Ukulele",100017,10,24785,499.810231712689,50012,10129
282,"January","Giz","Violão",99212,6,25004,500.218874536148,50227,9920
283,"June","Será","Apenas Letra",99667,9,24817,500.750562427026,50056,10218
284,"February","Pais e Filhos","Guitarra",100292,8,25146,501.823493101998,50437,10066
285,"November","Vento No Litoral","Cavaquinho",100011,7,25045,505.066847315898,50171,10034
286,"June","Fábrica","Violão",100246,13,24774,500.158899586858,50009,10098
287,"June","Há Tempos","Violão",99820,6,24724,503.955752068934,50178,9959
288,"January","Quase Sem Querer","Violão",100493,14,24964,503.858827743426,50050,9777
289,"March","Fábrica","Violão",100060,4,25320,501.751348206692,49872,9900
290,"October","Índios","Ukulele",100025,9,24902,501.387287706456,50228,10045
291,"April","A Carta","Ukulele",99759,10,25046,500.776237620827,49968,10003
292,"March","Tempo Perdido","Baixo",100025,11,24787,495.566792418007,49929,9916
293,"July","Tempo Perdido","Cavaquinho",99669,12,24947,494.560033540624,49830,9974
294,"September","Vento No Litoral","Cavaquinho",99700,10,24866,500.142440646414,50067,10123
295,"November","A Carta","Guitarra",99940,10,25231,500.862541597155,49868,9925
296,"May","Será","Teclado",100268,17,24696,498.54519854404,50045,10043
297,"March","A Carta","Cavaquinho",100224,7,24815,505.103195915554,49709,10025
298,"March","Há Tempos","Cavaquinho",99807,9,24750,495.926280363699,49877,9824
299,"May","Tempo Perdido","Guitarra",100439,8,25031,497.734165882705,49878,9989
300,"June","Vento No Litoral","Cavaquinho",100224,12,25182,502.687975226853,49851,9936
301,"August","Fábrica","Teclado",100087,9,25086,502.249636127193,50194,9786
302,"March","Índios","Baixo",100175,6,25047,503.021398067811,50349,10014
303,"August","Há Tempos","Teclado",100312,9,24959,497.915936773919,50109,10004
304,"May","Faroeste Caboclo","Ukulele",100189,7,25175,501.12952068932,49716,9966
305,"January","A Carta","Baixo",100137,13,24824,500.751838238371,50264,10058
306,"October","Será","Violão",100103,9,24935,494.317814718129,49921,10070
307,"January","Giz","Violão",100250,7,24814,505.824827976329,50458,10131
308,"April","Faroeste Caboclo","Apenas Letra",100007,12,24916,500.230557575877,49674,9985
309,"September","Pais e Filhos","Ukulele",99838,9,24814,502.23569358696,49926,9866
310,"February","Giz","Violão",99961,14,24859,504.26173949503,50082,9963
311,"March","Vento No Litoral","Baixo",99969,13,25158,502.034398974069,50243,9964
312,"November","A Carta","Teclado",100104,6,24917,500.052475519406,50090,9897
313,"February","A Carta","Guitarra",100866,7,25236,507.958425319376,49846,9859
314,"May","A Carta","Ukulele",99607,8,24971,504.11246826158,49890,9983
315,"June","Será","Ukulele",99896,7,24979,492.414196460595,49753,10043
316,"October","Índios","Baixo",100569,9,24910,495.763334827592,50115,10032
317,"October","Faroeste Caboclo","Cavaquinho",99970,6,24999,504.135715609314,49947,10000
318,"May","Será","Violão",99586,15,25207,500.40879781741,49664,10177
319,"March","Tempo Perdido","Apenas Letra",100012,7,25199,503.263884279112,49644,10054
320,"December","Será","Ukulele",100306,8,24894,497.769443247441,50409,10064
321,"October","Tempo Perdido","Teclado",99854,10,25262,500.810153564206,49825,9915
322,"September","Giz","Violão",99838,18,24859,499.343873028656,50526,10107
323,"February","Vento No Litoral","Apenas Letra",100764,13,24931,495.748078781243,50074,9883
324,"May","Faroeste Caboclo","Ukulele",100267,12,24857,503.106338633487,50124,9992
325,"June","Há Tempos","Ukulele",100331,9,24717,505.412282649924,49641,10054
326,"June","Faroeste Caboclo","Guitarra",99928,5,25063,501.288226388824,49979,9960
327,"October","Faroeste Caboclo","Ukulele",99867,11,25076,503.781995961449,49947,10134
328,"July","Tempo Perdido","Violão",100293,16,24810,504.794834471653,50038,9862
329,"April","Há Tempos","Teclado",99976,5,24767,502.582635707462,49994,9817
330,"July","Vento No Litoral","Apenas Letra",99455,10,25219,498.468939399656,50292,9949
331,"June","Ainda É Cedo","Cavaquinho",100188,13,25241,509.508284289164,49887,9831
332,"November","Tempo Perdido","Guitarra",99814,8,25226,498.909788056321,49798,9949
333,"July","Há Tempos","Violão",99400,5,24840,500.575235314733,49815,9909
334,"January","Quase Sem Querer","Violão",100141,7,25185,502.904654328188,50091,9995
335,"January","Há Tempos","Apenas Letra",99542,10,25024,498.255995814772,49943,10092
336,"January","Índios","Violão",100023,8,24903,501.624250397071,49821,9863
337,"May","Será","Teclado",99688,7,24816,502.765193092653,50016,9912
338,"February","Giz","Ukulele",100376,8,24954,498.705233879936,49784,10156
339,"September","Há Tempos","Teclado",100422,9,24703,501.534389494867,49507,9908
340,"October","A Carta","Guitarra",99305,15,25063,499.521681081368,50217,10102
341,"September","Fábrica","Apenas Letra",99944,3,25404,499.945480002472,50063,9997
342,"May","Giz","Violão",99659,17,25151,499.708554959442,49900,9939
343,"August","Faroeste Caboclo","Cavaquinho",100037,13,25127,499.652888552824,50117,9766
344,"July","Será","Ukulele",99819,9,24815,496.734720773061,50385,9947
345,"December","Ainda É Cedo","Apenas Letra",100011,8,25144,505.196646135793,50355,9906
346,"October","Tempo Perdido","Apenas Letra",99505,12,24676,498.765947558698,49657,10045
347,"January","Fábrica","Violão",99580,13,25123,503.792497979995,50386,9957
348,"October","Quase Sem Querer","Apenas Letra",99790,12,24967,501.813376963497,49486,9842
349,"February","Ainda É Cedo","Baixo",99685,3,24848,498.383199361089,49489,9900
350,"June","A Carta","Cavaquinho",99773,6,24949,500.175828667947,49781,9998
351,"February","Giz","Cavaquinho",100394,8,24872,496.413895520192,49768,10111
352,"March","Quase Sem Querer","Violão",99709,10,24888,495.623020729593,49891,9843
353,"February","Tempo Perdido","Guitarra",100093,13,25009,502.937751281977,49842,9985
354,"December","Ainda É Cedo","Guitarra",99773,9,25097,504.62510713326,49801,9819
355,"December","Giz","Baixo",100019,11,24423,502.137961190999,50141,9987
356,"December","Faroeste Caboclo","Guitarra",99813,8,24891,499.721574724447,49672,10042
357,"June","Faroeste Caboclo","Ukulele",99395,15,25086,500.109760868626,49854,9927
358,"July","Pais e Filhos","Violão",99958,7,24802,500.508688839116,50013,9937
359,"December","Será","Ukulele",100357,6,24685,499.741778220594,49697,9806
360,"January","Tempo Perdido","Cavaquinho",100063,3,24990,491.12512567204,49990,10132
361,"December","Ainda É Cedo","Cavaquinho",100818,7,25080,499.929188595267,50237,10081
362,"November","Índios","Violão",99591,13,25163,497.815525571626,49953,10169
363,"July","Será","Cavaquinho",99715,10,24891,494.609190765173,49782,9934
364,"August","Será","Baixo",100025,6,25047,498.370590876936,49716,9897
365,"August","A Carta","Baixo",99807,8,25122,495.688832345603,49928,10113
366,"May","Índios","Teclado",100376,7,25446,497.859633579835,49680,9975
367,"July","Fábrica","Cavaquinho",99229,11,24767,497.693198145065,50095,10110
368,"April","Há Tempos","Apenas Letra",99832,4,25265,501.087437003326,49991,9855
369,"January","Pais e Filhos","Violão",99795,14,25255,497.971493311174,50096,9949
370,"October","Faroeste Caboclo","Cavaquinho",100207,11,25225,499.212399697039,50416,10005
371,"December","Tempo Perdido","Baixo",100201,13,24857,500.241935157467,50408,10156
372,"October","A Carta","Cavaquinho",99916,8,25098,496.826210507023,49612,9895
373,"June","Há Tempos","Ukulele",100301,15,25067,502.724164672601,50455,9946
374,"November","Pais e Filhos","Baixo",99745,14,24939,498.071896284507,49938,10126
375,"January","Ainda É Cedo","Guitarra",100067,8,25187,495.864711037942,50146,10054
376,"September","Giz","Cavaquinho",100237,9,24726,504.899588880126,49710,9944
377,"June","Índios","Violão",100756,11,24837,501.811086437315,49957,10002
378,"March","Será","Guitarra",99632,10,25095,503.693999116299,50187,10050
379,"April","Ainda É Cedo","Ukulele",99908,10,24971,499.377461643465,49749,10132
380,"January","Giz","Teclado",99714,8,24935,494.34373434373,49621,10136
381,"December","Ainda É Cedo","Baixo",100664,7,25015,503.850493678893,50088,9950
382,"September","Giz","Guitarra",99838,7,25220,502.268617993649,49883,10062
383,"November","Pais e Filhos","Violão",99972,9,24864,501.975876472261,50168,9971
384,"February","A Carta","Baixo",100072,9,25223,501.700246391001,50040,9969
385,"February","Faroeste Caboclo","Ukulele",99384,14,24997,500.268978648873,49814,9988
386,"March","Será","Ukulele",99600,13,24785,502.505440691971,50541,9768
387,"February","Será","Baixo",99844,9,24907,503.406723603011,50332,9957
388,"November","Há Tempos","Teclado",100464,11,24953,504.98430482978,49821,9943
389,"October","Faroeste Caboclo","Cavaquinho",99822,9,25209,500.489707290503,50052,9858
390,"May","Giz","Guitarra",100198,12,25289,500.259584869239,50072,9878
391,"October","Quase Sem Querer","Violão",100300,7,25152,502.519171722565,49868,10189
392,"August","Ainda É Cedo","Violão",100223,10,24968,503.828964590119,50004,9976
393,"May","Fábrica","Cavaquinho",100482,8,24957,503.804067417812,50117,9992
394,"February","Índios","Apenas Letra",100197,8,25062,498.617223927032,49960,9996
395,"November","A Carta","Teclado",100353,10,25056,495.444747083925,50193,9995
396,"July","Fábrica","Ukulele",100007,11,25138,498.272071693437,49810,10099
397,"March","Índios","Ukulele",100283,7,24922,499.015940738182,50227,10031
398,"April","Ainda É Cedo","Teclado",100658,11,25144,496.394943345241,50156,10175
399,"October","Quase Sem Querer","Apenas Letra",99697,11,24749,494.318924839545,49623,10059
400,"March","Tempo Perdido","Teclado",99668,11,24823,503.97801511654,50166,9677
401,"June","Será","Apenas Letra",100283,8,25232,502.07420591319,50051,9951
402,"April","A Carta","Apenas Letra",100205,8,24663,499.022977577497,49888,10185
403,"May","Faroeste Caboclo","Guitarra",100162,9,24766,503.075502178331,49825,10103
404,"November","Índios","Guitarra",100103,15,24955,497.722566780214,49638,9818
405,"March","Índios","Apenas Letra",99995,11,24807,498.072914629797,50068,10001
406,"July","Índios","Teclado",99841,10,25101,504.309503594,50128,9849
407,"August","Pais e Filhos","Violão",100017,9,24991,498.59648206748,50337,9924
408,"July","Será","Violão",100017,11,24895,501.826876925748,49931,9948
409,"November","Tempo Perdido","Baixo",99582,7,24902,499.686201491415,49941,10047
410,"October","Fábrica","Violão",99733,14,24701,493.57372590519,50356,10154
411,"December","Ainda É Cedo","Violão",99553,8,24989,497.428401658876,49710,10061
412,"August","Quase Sem Querer","Guitarra",100254,13,25028,501.177840358084,49962,10045
413,"January","Faroeste Caboclo","Cavaquinho",100740,9,25023,503.724957669008,50164,9959
414,"April","Será","Baixo",99858,10,24825,498.277209035634,50213,9954
415,"March","Quase Sem Querer","Teclado",100005,8,25029,498.013208710928,49692,9984
416,"May","Há Tempos","Guitarra",100287,16,24968,502.328066724067,50052,10063
417,"December","Quase Sem Querer","Teclado",100280,9,25102,497.980429130789,50307,10008
418,"February","Será","Teclado",99408,7,25188,498.01761071503,50080,9819
419,"August","Vento No Litoral","Cavaquinho",100238,12,25009,500.730667909583,49704,9722
420,"April","Será","Baixo",100334,17,24707,500.145828726376,50152,10121
421,"February","A Carta","Ukulele",99561,8,24791,501.096304451701,50040,10070
422,"September","Há Tempos","Apenas Letra",100536,11,25046,496.385509679078,49807,10036
423,"May","Índios","Baixo",100234,8,25170,497.054972939974,50276,10114
424,"August","Há Tempos","Teclado",100217,6,25110,497.294095771464,50092,9980
425,"September","Faroeste Caboclo","Baixo",99326,10,24926,494.830894940746,49960,9961
426,"March","Há Tempos","Teclado",99800,17,25211,499.460951089023,49916,10025
427,"June","Giz","Violão",99913,10,24898,505.927637844382,49746,9973
428,"May","Será","Teclado",100341,8,24870,493.967100185974,49831,9913
429,"January","Pais e Filhos","Violão",100184,10,24917,499.306389833604,49696,10051
430,"July","Fábrica","Teclado",100131,5,25206,500.790568445351,49892,10098
431,"December","Faroeste Caboclo","Teclado",99393,9,24632,500.16327135082,50155,9920
432,"July","Ainda É Cedo","Baixo",99965,15,25044,495.603525363091,50259,9916
433,"June","Ainda É Cedo","Cavaquinho",100117,8,25174,504.107625904599,50231,10031
434,"May","Pais e Filhos","Apenas Letra",99625,12,25346,498.94115806376,50001,9938
435,"January","Faroeste Caboclo","Teclado",100342,9,24774,496.931982633424,49840,10034
436,"May","Quase Sem Querer","Violão",99926,7,24875,495.695975089927,50315,9903
437,"October","Tempo Perdido","Cavaquinho",100039,11,25011,503.939267245386,50052,10052
438,"June","Índios","Guitarra",99717,10,25005,501.052771179533,50039,10172
439,"January","Índios","Violão",99467,13,24859,500.160971489675,49961,10199
440,"October","Fábrica","Ukulele",100096,15,25036,500.248399023666,50086,10087
441,"September","Pais e Filhos","Guitarra",100515,12,24981,501.529756091645,50151,9746
442,"December","Índios","Cavaquinho",99600,10,24829,503.456052774107,50078,10091
443,"February","Índios","Apenas Letra",99628,8,25307,505.389026992603,50101,10189
444,"June","Tempo Perdido","Violão",99427,8,25172,501.859012701224,49977,10292
445,"July","Vento No Litoral","Violão",100074,10,24921,500.319777825241,50014,9932
446,"June","Pais e Filhos","Cavaquinho",99879,11,25210,501.089520815348,49863,9967
447,"January","Fábrica","Violão",100019,17,25134,499.938025266657,50158,9854
448,"May","Índios","Teclado",100003,10,24977,499.678027448511,49576,10008
449,"May","Pais e Filhos","Ukulele",100486,15,24893,493.793905548239,49726,9992
450,"December","Ainda É Cedo","Violão",100599,9,25255,501.240832632076,50109,9869
451,"October","Fábrica","Violão",99823,12,24920,507.291676847577,49879,9988
452,"July","A Carta","Violão",100267,8,25139,496.882840527694,49905,10029
453,"July","Será","Apenas Letra",100224,13,25012,496.122679336379,49872,10081
454,"November","Fábrica","Guitarra",100211,5,24889,495.951627283099,49429,9860
455,"June","Vento No Litoral","Violão",100394,7,25193,503.821440600102,49692,10006
456,"October","Tempo Perdido","Violão",100412,6,25030,507.383393584169,49943,9648
457,"April","A Carta","Apenas Letra",100281,6,24851,500.116927464882,49824,10041
458,"August","Giz","Guitarra",100183,15,24859,501.791266658371,49967,10115
459,"January","Tempo Perdido","Apenas Letra",100145,9,24840,503.440901383348,50127,10037
460,"November","Fábrica","Apenas Letra",99841,7,25246,496.467421575749,50228,9964
461,"November","Faroeste Caboclo","Teclado",99724,10,24975,497.801027498763,49818,9990
462,"October","Tempo Perdido","Teclado",99953,12,25070,494.937462706519,49805,10101
463,"July","Ainda É Cedo","Cavaquinho",100009,14,25174,500.942756804836,49943,10131
464,"July","Giz","Ukulele",99345,15,24772,503.043157757386,50289,9825
465,"August","Quase Sem Querer","Cavaquinho",99873,9,24923,500.351035840455,50250,9963
466,"September","Pais e Filhos","Cavaquinho",100781,8,24706,494.323996678899,50138,10047
467,"May","Será","Violão",100062,8,24989,493.037763281805,50034,10025
468,"March","Ainda É Cedo","Teclado",99993,7,24941,502.45039333058,50434,10053
469,"March","Índios","Guitarra",99910,10,25019,497.765996347334,50054,10090
470,"June","A Carta","Violão",100324,9,25135,501.44397961352,49643,10160
471,"October","Vento No Litoral","Violão",100005,6,25030,499.753359318462,50022,10022
472,"October","Fábrica","Teclado",99845,12,24927,501.930316671347,50151,9816
473,"August","Fábrica","Cavaquinho",99868,9,25072,498.837517773234,50199,9902
474,"January","Tempo Perdido","Cavaquinho",99728,9,24746,503.388457726912,50156,10036
475,"February","Vento No Litoral","Teclado",100074,9,25202,495.705689319383,50306,9990
476,"December","Ainda É Cedo","Teclado",100102,10,25208,501.555447059372,50196,10154
477,"April","Pais e Filhos","Violão",100571,13,24869,499.044827019711,49899,10115
478,"October","Quase Sem Querer","Ukulele",99871,5,25025,501.577535232732,49852,10118
479,"March","Giz","Apenas Letra",99772,15,24958,497.407401185176,50345,10118
480,"January","Quase Sem Querer","Violão",99563,14,25075,502.114110907441,49866,10044
481,"November","Há Tempos","Apenas Letra",100002,10,24981,499.716387019461,50185,9883
482,"December","Tempo Perdido","Violão",100241,7,25095,504.041761671863,50225,10019
483,"May","Faroeste Caboclo","Guitarra",99925,9,25162,497.892422375402,50033,10102
484,"July","Será","Teclado",99861,21,25007,502.094300380779,49873,9948
485,"September","Ainda É Cedo","Apenas Letra",100393,11,24973,500.515490263071,49859,9958
486,"July","Há Tempos","Cavaquinho",100026,13,24946,501.247957281443,50161,10071
487,"June","Fábrica","Violão",100543,9,24873,503.191675785741,49975,10066
488,"July","Faroeste Caboclo","Cavaquinho",100032,9,24841,494.342746354683,49952,10001
489,"August","Fábrica","Apenas Letra",99400,6,25046,506.599231145626,50388,10066
490,"November","Ainda É Cedo","Ukulele",99848,12,25369,496.770409221147,50060,10054
491,"May","Quase Sem Querer","Ukulele",99823,12,25102,503.550973977362,49554,9938
492,"March","Tempo Perdido","Ukulele",99904,9,25017,501.359207423109,50221,10145
493,"May","Pais e Filhos","Teclado",100090,10,24937,495.422784414224,50166,10080
494,"September","Ainda É Cedo","Apenas Letra",100165,10,25146,499.934340704854,49833,9954
495,"July","Fábrica","Guitarra",99490,10,25256,496.100503418379,50410,9860
496,"August","Tempo Perdido","Cavaquinho",99671,7,25043,500.323765336918,49991,9908
497,"September","Giz","Cavaquinho",100422,9,25119,494.816197012127,49987,10055
498,"December","Fábrica","Ukulele",99525,9,25074,505.670882402489,49726,10156
499,"March","Quase Sem Querer","Baixo",100445,14,25116,507.590612700299,50165,9946
500,"November","Fábrica","Ukulele",100014,12,24750,496.593259745882,49812,9967
501,"July","Ainda É Cedo","Violão",99826,12,24664,504.957404535305,49731,10069
502,"January","Índios","Baixo",99584,6,24815,500.88014555901,50226,9900
503,"October","Fábrica","Violão",100111,6,24873,496.60373786112,50213,10034
504,"April","Pais e Filhos","Apenas Letra",99347,5,25087,502.703216478951,49830,9932
505,"January","Pais e Filhos","Cavaquinho",100080,12,25080,501.757363252676,50176,9974
506,"September","Fábrica","Violão",99680,10,25221,498.020038262699,49857,9847
507,"September","Tempo Perdido","Guitarra",100376,14,24958,504.383356672649,50392,10162
508,"March","Índios","Cavaquinho",100522,6,25198,503.532387101277,49996,10028
509,"August","Será","Violão",99587,11,25352,500.981540609432,50181,9807
510,"January","Tempo Perdido","Teclado",100217,9,25137,498.684988399761,50226,9994
511,"June","Será","Cavaquinho",100043,14,24706,500.399836101369,50147,10007
512,"April","Quase Sem Querer","Violão",99908,7,25013,499.976801931017,50107,9774
513,"February","Há Tempos","Ukulele",99895,14,24882,500.621321311021,49969,9886
514,"July","Índios","Ukulele",99974,12,24980,499.443825435707,49515,9808
515,"April","Vento No Litoral","Apenas Letra",100161,6,24957,502.229805056499,50233,10063
516,"July","Será","Violão",100043,12,24802,502.177763568539,50275,9948
517,"July","Fábrica","Ukulele",99699,9,24876,505.492556312828,49889,10025
518,"December","Vento No Litoral","Ukulele",100273,12,25062,497.875151398762,50087,10005
519,"January","Será","Violão",100091,9,25204,501.391059141782,50185,9959
520,"June","Vento No Litoral","Apenas Letra",100409,10,25195,505.524677197427,49953,9969
521,"April","Será","Apenas Letra",100090,8,24902,500.547713852592,49497,9734
522,"May","A Carta","Baixo",100128,12,25128,498.919286500802,50181,9995
523,"April","Giz","Ukulele",99987,6,24745,501.371862749989,50119,10031
524,"January","Faroeste Caboclo","Violão",99731,8,25150,499.594188666593,50227,9845
525,"February","Vento No Litoral","Apenas Letra",100230,8,25162,493.705957093335,50189,9994
526,"November","Tempo Perdido","Apenas Letra",99954,4,24899,497.517141296072,50292,9967
527,"July","Tempo Perdido","Ukulele",100278,7,24901,498.866645119157,49911,9938
528,"April","Ainda É Cedo","Cavaquinho",100001,7,25109,501.038632960619,49679,10150
529,"February","Giz","Violão",99717,11,25185,495.680631757135,50173,9945
530,"May","Índios","Apenas Letra",100099,6,24882,500.640208513271,50033,10108
531,"January","A Carta","Apenas Letra",99935,7,25099,494.50042585321,50134,9983
532,"December","Há Tempos","Baixo",99950,7,24871,494.637643165738,49952,10051
533,"September","Fábrica","Violão",100545,14,24951,502.232159859378,49827,10032
534,"April","Índios","Baixo",100065,15,25176,492.170403736281,50160,10118
535,"June","Fábrica","Guitarra",100178,10,25002,504.071774435678,49872,10082
536,"June","Ainda É Cedo","Violão",99687,9,24856,498.01193778448,49871,10139
537,"December","Faroeste Caboclo","Cavaquinho",100020,10,25167,503.326992377786,49912,10126
538,"May","Quase Sem Querer","Ukulele",99645,10,25005,497.074064709906,49723,9924
539,"October","Há Tempos","Apenas Letra",99501,6,24901,497.613540528198,50228,10033
540,"August","Giz","Apenas Letra",100462,12,24959,497.494394919465,50308,9932
541,"July","Vento No Litoral","Cavaquinho",99989,10,25335,501.490813749536,49573,10028
542,"November","Quase Sem Querer","Guitarra",100128,6,25066,499.53601658849,49594,10001
543,"January","Giz","Guitarra",99417,8,25089,508.489478278383,50529,9947
544,"October","Pais e Filhos","Teclado",100000,14,24940,497.976310787733,49750,10037
545,"June","Giz","Apenas Letra",100526,9,25206,495.589904377443,50159,10012
546,"July","Será","Violão",99607,10,25220,498.884496856121,50007,10040
547,"March","Fábrica","Apenas Letra",100116,4,25055,502.021014827009,49883,10032
548,"June","Quase Sem Querer","Baixo",99990,10,25179,504.548105025215,50061,9905
549,"June","A Carta","Baixo",99731,11,25020,494.689034952865,50121,9955
550,"June","Pais e Filhos","Guitarra",99636,3,25144,492.758315933986,49875,10030
551,"May","Fábrica","Teclado",99719,11,25150,502.569097198567,50188,9970
552,"November","Giz","Ukulele",100527,6,24866,496.72252173552,49879,10061
553,"September","Índios","Violão",99614,3,24816,500.040761743787,50038,10240
554,"December","Ainda É Cedo","Apenas Letra",100479,3,24932,506.819559901354,49920,10103
555,"November","Ainda É Cedo","Baixo",99545,6,24934,502.919467828644,49909,9991
556,"July","Há Tempos","Violão",100278,12,25102,495.679762364379,49945,9955
557,"May","Faroeste Caboclo","Apenas Letra",100077,17,25021,498.371873779347,49810,9869
558,"July","Será","Apenas Letra",99490,10,25033,495.747575927952,49966,9959
559,"October","Há Tempos","Teclado",100029,11,24803,500.443479241511,50060,9996
560,"April","Índios","Baixo",100488,8,25257,502.873643237696,49990,9944
561,"February","Fábrica","Baixo",100209,10,24920,499.929455414818,50081,10031
562,"November","Ainda É Cedo","Teclado",100213,9,24822,497.260901001188,49935,9840
563,"July","Giz","Apenas Letra",100260,6,25056,497.772364117539,50241,10000
564,"June","Faroeste Caboclo","Violão",99891,11,25137,503.740072212858,49974,9916
565,"July","Quase Sem Querer","Violão",99821,13,24930,499.719120559234,49840,10035
566,"November","Giz","Teclado",100322,10,25303,503.338891197573,50240,10081
567,"August","Índios","Teclado",99772,14,24893,501.256147560915,50023,9830
568,"April","Tempo Perdido","Guitarra",99911,13,25191,500.919019676729,50183,10052
569,"July","Índios","Violão",100515,13,24965,502.550598797995,49695,9838
570,"January","Vento No Litoral","Violão",100012,13,25271,503.085916846046,50211,9923
571,"February","Índios","Baixo",99611,5,25073,496.51177213728,49744,10092
572,"April","Índios","Baixo",99779,11,24989,505.003735563957,49933,9817
573,"September","Há Tempos","Guitarra",100693,13,25105,503.258963794468,49564,9931
574,"November","Faroeste Caboclo","Teclado",99674,4,25055,495.797531224378,49720,10120
575,"September","Vento No Litoral","Apenas Letra",100101,11,24950,502.509347777027,49966,9898
576,"August","Há Tempos","Guitarra",99504,11,25112,502.784545133831,49865,10113
577,"July","Tempo Perdido","Teclado",100137,12,24977,501.692306252797,50229,9976
578,"March","Índios","Cavaquinho",100089,8,25340,500.999056540535,49891,9934
579,"February","Giz","Guitarra",99830,7,25130,497.184088241796,49724,10019
580,"October","Quase Sem Querer","Teclado",100704,9,24838,495.074350568618,50202,9896
581,"March","Índios","Ukulele",99800,12,24953,498.746908529644,49741,10054
582,"January","Vento No Litoral","Guitarra",99857,12,24991,497.731788501833,49769,10069
583,"June","Tempo Perdido","Cavaquinho",99738,8,24819,505.481075986773,49926,10049
584,"October","Tempo Perdido","Cavaquinho",100243,8,24964,492.864869980271,50421,10057
585,"June","Índios","Guitarra",100147,10,24987,499.814062016827,49983,10098
586,"February","Faroeste Caboclo","Cavaquinho",100035,7,25132,500.116676234884,49822,10051
587,"October","Giz","Baixo",100291,8,25173,498.276589373417,50148,10142
588,"July","Ainda É Cedo","Teclado",100321,12,24887,499.546959246773,50160,9953
589,"May","Vento No Litoral","Baixo",99613,11,24952,501.6127907485,50128,9890
590,"November","Pais e Filhos","Guitarra",99511,14,25043,498.75091464681,50176,9998
591,"July","Giz","Cavaquinho",99548,7,24986,505.00885220742,49913,9981
592,"September","Será","Cavaquinho",100235,12,24925,499.812351510767,49904,9930
593,"May","A Carta","Teclado",99871,8,24858,497.149293842085,50259,10112
594,"February","Índios","Baixo",99693,17,24989,501.706390666077,50025,10161
595,"October","A Carta","Violão",99973,11,24761,506.432120858721,50178,10053
596,"July","Giz","Ukulele",100092,13,25158,495.597460935534,49965,9892
597,"November","Giz","Guitarra",99988,13,25157,506.119100166961,49727,10064
598,"April","Vento No Litoral","Teclado",99903,10,24715,500.81598957959,49954,9762
599,"March","Tempo Perdido","Teclado",99296,7,25020,501.686575741395,49803,9857
600,"July","Ainda É Cedo","Baixo",100537,13,24889,496.946810654372,50188,9921
601,"March","Índios","Cavaquinho",100460,16,24898,494.706134824368,50241,10048
602,"November","Índios","Guitarra",99699,13,25163,501.93928353979,49736,9979
603,"April","Giz","Baixo",100646,12,25021,499.396084646911,50219,9980
604,"November","Vento No Litoral","Ukulele",99547,4,24963,496.345875074924,50110,10071
605,"September","Índios","Guitarra",100221,12,24941,500.859999261136,49948,10034
606,"September","Faroeste Caboclo","Baixo",98962,9,25098,496.130482413689,50286,10006
607,"February","Há Tempos","Teclado",99752,10,25042,494.035601348536,50373,10017
608,"August","Pais e Filhos","Teclado",99907,14,25061,492.637604282252,50223,10176
609,"June","Índios","Apenas Letra",99567,10,25403,504.00452248605,49869,9859
610,"May","Ainda É Cedo","Teclado",99900,13,25238,493.549785282635,50145,9889
611,"May","Ainda É Cedo","Guitarra",100038,12,25059,496.957291585829,50377,9936
612,"October","A Carta","Ukulele",99890,9,24896,507.542324830529,49907,10095
613,"June","Giz","Apenas Letra",99458,8,24816,500.773115812983,49911,9980
614,"October","Fábrica","Baixo",100389,7,25289,501.388382012308,49907,10217
615,"July","Há Tempos","Cavaquinho",100142,9,25171,500.431092787591,49644,10013
616,"September","A Carta","Cavaquinho",100105,11,24829,503.125070706616,50180,10100
617,"July","Pais e Filhos","Ukulele",99393,9,25240,506.937419568692,50177,9999
618,"March","Faroeste Caboclo","Teclado",100691,15,24884,494.541651473431,50036,10100
619,"December","Faroeste Caboclo","Teclado",99983,10,24806,505.891748908997,49692,10012
620,"October","Pais e Filhos","Baixo",100283,12,25043,502.207085617319,50159,9974
621,"November","Faroeste Caboclo","Violão",100193,19,24822,503.011292357618,49651,9968
622,"May","Faroeste Caboclo","Apenas Letra",100233,13,24836,502.288429358802,50274,10193
623,"March","Vento No Litoral","Violão",99850,11,25065,498.824329483892,49953,10015
624,"March","A Carta","Baixo",99909,11,24913,500.641744710757,50154,10002
625,"April","Há Tempos","Baixo",100164,16,25034,507.05788049018,50223,10055
626,"February","Há Tempos","Cavaquinho",100334,12,25093,499.302676939559,49836,9769
627,"March","Faroeste Caboclo","Ukulele",99673,16,24887,497.129275884938,50100,9937
628,"October","Tempo Perdido","Teclado",99744,7,24974,503.436892325931,50249,10117
629,"December","Quase Sem Querer","Violão",100430,7,24997,500.943132456857,50117,9967
630,"January","Pais e Filhos","Teclado",100216,13,24995,496.258071914411,49526,9983
631,"December","A Carta","Violão",99570,9,25125,496.845201223577,49643,9879
632,"May","Há Tempos","Apenas Letra",100296,12,25229,497.200931638379,49836,10159
633,"August","Ainda É Cedo","Cavaquinho",100275,9,24868,492.88412160721,49727,9852
634,"March","Há Tempos","Teclado",99900,15,25131,500.772759508956,49922,10011
635,"March","Há Tempos","Violão",99734,6,24771,504.405547721055,49996,10028
636,"February","Vento No Litoral","Ukulele",99896,11,25077,499.682332480195,50157,10197
637,"November","Fábrica","Cavaquinho",99719,9,25232,498.924260703815,50240,10005
638,"June","Será","Cavaquinho",100003,12,24879,497.190788366005,50215,9952
639,"October","Há Tempos","Cavaquinho",100074,9,25018,500.233891831421,49718,9924
640,"August","Será","Apenas Letra",99666,9,25075,496.817532453748,50030,9929
641,"March","A Carta","Violão",99710,9,25257,498.923742623929,50363,9983
642,"November","A Carta","Apenas Letra",99727,12,24943,496.729952502306,49806,10156
643,"November","Ainda É Cedo","Ukulele",101113,11,25093,499.879960025637,49845,10085
644,"April","Pais e Filhos","Ukulele",99987,5,25077,504.236723153607,49917,10161
645,"July","A Carta","Baixo",100015,15,24913,503.5021193704,49932,10051
646,"September","Será","Violão",100109,6,24944,495.833665159212,50005,9916
647,"July","Será","Teclado",100181,9,24998,502.273631402077,49830,10117
648,"May","Giz","Guitarra",99943,9,25045,500.511503536305,50227,10042
649,"March","A Carta","Ukulele",99837,17,24925,496.648083602951,50350,9914
650,"February","Há Tempos","Baixo",100131,15,24788,498.945218059099,49820,10066
651,"March","Ainda É Cedo","Violão",99840,6,24787,498.305408166047,50186,9987
652,"October","Índios","Guitarra",99659,12,25200,500.091404946137,49950,9995
653,"March","Quase Sem Querer","Guitarra",99850,11,25311,492.566758923432,49966,10028
654,"June","Será","Apenas Letra",99854,10,24584,501.401094918661,49606,10181
655,"October","Índios","Baixo",100185,7,24990,507.493239524125,50340,9955
656,"May","Índios","Cavaquinho",100380,13,24886,501.184786137585,49723,9833
657,"May","Fábrica","Violão",99983,12,24883,502.71250697368,50157,10020
658,"January","Será","Apenas Letra",100638,12,24853,502.882142247481,49936,9956
659,"July","Giz","Cavaquinho",100500,8,25109,497.856721675731,49905,9978
660,"November","Fábrica","Violão",99706,6,24657,497.437901830164,50024,9863
661,"February","Quase Sem Querer","Apenas Letra",99848,11,24910,503.817545772091,49720,10183
662,"June","Fábrica","Cavaquinho",100233,15,24829,498.403284603661,50178,9972
663,"January","Será","Guitarra",99620,15,25139,504.062116682141,49797,10090
664,"May","Tempo Perdido","Guitarra",99904,10,24848,503.432099680705,49680,10141
665,"April","Será","Guitarra",100169,11,25272,497.423260822116,49724,10040
666,"March","Ainda É Cedo","Violão",100177,8,24913,497.043068252538,50029,10000
667,"August","Ainda É Cedo","Guitarra",99896,6,24964,501.23018323279,50265,10061
668,"August","Vento No Litoral","Violão",99946,15,25094,496.973398982176,50123,10135
669,"February","Será","Guitarra",100104,10,24753,499.473524064602,49801,9760
670,"June","Ainda É Cedo","Guitarra",100204,5,24832,493.374703007847,49647,9990
671,"January","A Carta","Cavaquinho",99983,14,25000,496.69876650115,50446,9970
672,"June","Há Tempos","Apenas Letra",99945,13,25276,499.11041987047,49624,9962
673,"June","Ainda É Cedo","Violão",100386,8,25120,501.295267125907,50057,10045
674,"November","Pais e Filhos","Guitarra",100675,10,24709,504.449231348197,50173,10049
675,"January","Faroeste Caboclo","Cavaquinho",100260,9,24804,497.584511382543,49983,10133
676,"May","Tempo Perdido","Apenas Letra",100005,12,25141,495.403352539906,49841,10028
677,"August","Quase Sem Querer","Apenas Letra",99765,10,25272,499.034764340948,50246,10037
678,"April","Giz","Baixo",100404,8,25169,495.675119529776,50153,9949
679,"October","Será","Teclado",100690,7,24980,494.245068652495,50339,10015
680,"October","Quase Sem Querer","Apenas Letra",100026,14,24767,506.402775918238,50337,9926
681,"April","A Carta","Teclado",99886,12,24780,500.017655302815,49607,9936
682,"April","Ainda É Cedo","Guitarra",99615,6,24911,498.600563330961,50016,9916
683,"January","Será","Ukulele",100021,13,24758,499.390023594636,49763,10123
684,"February","Tempo Perdido","Teclado",100185,16,25129,505.658964090588,50202,10107
685,"January","A Carta","Cavaquinho",100328,15,25120,500.435867886616,50074,9997
686,"February","Será","Teclado",99266,5,25090,501.461236269437,50011,10035
687,"November","Giz","Teclado",99755,19,24686,499.637279646326,50042,9863
688,"June","Ainda É Cedo","Teclado",99733,10,25174,498.493460203111,50052,9996
689,"June","Pais e Filhos","Violão",99623,10,25166,501.462167109016,50171,10136
690,"December","Pais e Filhos","Apenas Letra",100409,6,24967,494.184050671198,49937,9914
691,"September","Pais e Filhos","Teclado",99956,11,25167,497.202563250573,50134,9927
692,"March","Tempo Perdido","Violão",99674,10,24854,495.158348886603,49858,9984
693,"November","Vento No Litoral","Teclado",100472,19,25226,502.35882089093,49596,10120
694,"January","Pais e Filhos","Guitarra",99763,11,25017,493.936758289123,49818,9940
695,"June","Índios","Ukulele",100149,9,24988,495.281596235975,50410,10017
696,"January","Há Tempos","Violão",100032,8,25090,503.183083284882,49796,10016
697,"July","A Carta","Violão",100351,8,24972,502.941343227506,49806,9977
698,"October","Pais e Filhos","Baixo",100267,11,25071,503.846189803809,49933,10116
699,"July","Giz","Ukulele",100029,8,25123,498.148618696767,50484,10110
700,"February","A Carta","Cavaquinho",99307,11,25005,503.171445691669,49648,9853
701,"August","Quase Sem Querer","Cavaquinho",100166,10,24900,502.550649738264,49696,9998
702,"September","Pais e Filhos","Ukulele",100267,5,24983,497.498143478511,49833,10120
703,"August","Tempo Perdido","Baixo",100302,8,24901,500.15330807655,49994,9929
704,"September","Tempo Perdido","Baixo",100125,11,24880,502.396269289091,49763,9801
705,"June","Ainda É Cedo","Violão",99787,12,25375,497.44451625023,50012,9972
706,"January","Será","Baixo",100311,9,25056,503.696620844669,49845,9833
707,"December","Ainda É Cedo","Teclado",100115,11,25029,493.961626275309,50076,9951
708,"February","Pais e Filhos","Ukulele",99588,9,24863,501.095710158394,50076,10149
709,"May","Fábrica","Apenas Letra",99944,13,25236,496.851946892633,50240,9985
710,"September","Pais e Filhos","Cavaquinho",99664,12,25043,506.736083166907,49813,10009
711,"August","Giz","Apenas Letra",100214,13,25274,497.752081061321,49767,9979
712,"January","Há Tempos","Cavaquinho",100186,8,25115,500.36859815827,50411,9819
713,"January","Fábrica","Cavaquinho",100293,11,25071,502.676998158779,49976,10029
714,"June","Giz","Violão",99956,12,25012,500.644321081568,50181,10107
715,"May","Fábrica","Guitarra",99985,8,25055,498.828513101508,50252,10034
716,"June","Há Tempos","Apenas Letra",99963,11,25235,503.809952322123,49794,9991
717,"June","A Carta","Ukulele",100360,9,25066,493.209755018789,50378,9883
718,"November","Pais e Filhos","Guitarra",100185,10,24929,498.188769196725,49976,10053
719,"December","Ainda É Cedo","Apenas Letra",99699,6,25043,499.307041776536,49799,10099
720,"February","A Carta","Baixo",100039,11,24989,501.748860831404,50440,9905
721,"April","Giz","Apenas Letra",99269,3,25072,502.264678879,50200,10098
722,"February","Índios","Cavaquinho",100154,9,24826,499.903547072677,49706,9847
723,"March","A Carta","Teclado",99733,10,25010,501.780211616386,49832,9837
724,"September","Será","Guitarra",100255,8,25114,504.141220901504,49919,10050
725,"August","Será","Apenas Letra",99966,15,25167,505.79699846634,50155,10252
726,"June","Vento No Litoral","Ukulele",100035,15,25132,502.13562926496,49958,10092
727,"August","Há Tempos","Apenas Letra",100555,7,25059,494.681818899068,50244,10140
728,"September","Tempo Perdido","Guitarra",99929,10,25068,494.381839932164,50001,10065
729,"July","A Carta","Cavaquinho",100658,9,25088,498.70304389604,49842,9955
730,"November","Fábrica","Baixo",100392,11,24766,499.818619069977,50125,9888
731,"June","Pais e Filhos","Teclado",100044,11,25088,496.135471629238,50385,9986
732,"May","Será","Ukulele",99679,12,24885,497.012160496611,49633,10059
733,"August","Pais e Filhos","Guitarra",99594,11,25146,503.472168562853,50201,10004
734,"May","Ainda É Cedo","Guitarra",100359,10,25369,504.880919170854,50008,10124
735,"September","Quase Sem Querer","Guitarra",100447,14,25013,500.501440863897,50080,10096
736,"December","Pais e Filhos","Guitarra",99869,11,25069,503.890665350363,50058,9878
737,"April","Tempo Perdido","Cavaquinho",100598,10,24990,503.800172978992,50466,10041
738,"June","Será","Violão",99063,9,25035,502.104346062305,50124,9919
739,"February","Fábrica","Violão",100059,10,25204,499.349454604794,50506,10051
740,"January","Vento No Litoral","Apenas Letra",99638,9,25017,496.646131432928,50033,10134
741,"March","Fábrica","Apenas Letra",100040,8,24863,493.864973978947,50093,9980
742,"November","Há Tempos","Cavaquinho",100021,8,25098,501.991827726754,50220,10053
743,"March","Quase Sem Querer","Ukulele",99534,17,25060,503.339661312315,50273,10117
744,"December","Há Tempos","Guitarra",99705,10,24790,502.009469763837,49931,10000
745,"July","A Carta","Teclado",99529,9,24896,505.244420571873,49818,9967
746,"April","Pais e Filhos","Apenas Letra",99677,9,25104,509.449247185126,50065,9849
747,"November","Faroeste Caboclo","Violão",99772,10,25056,494.309528504341,49902,10236
748,"November","Tempo Perdido","Guitarra",99392,10,24894,502.178465192582,50166,9980
749,"January","Quase Sem Querer","Guitarra",100016,7,25381,503.610449423471,49729,10059
750,"October","Ainda É Cedo","Baixo",100221,5,25005,503.803853538468,49801,9951
751,"August","Índios","Guitarra",100538,12,24966,496.813369725882,49920,9920
752,"August","Pais e Filhos","Ukulele",100223,11,25008,499.56045986136,49900,10015
753,"December","Pais e Filhos","Apenas Letra",100155,17,25034,502.209272199604,49787,10034
754,"March","Há Tempos","Violão",99168,6,25171,505.000628668595,50028,10135
755,"August","Giz","Cavaquinho",99711,13,24577,506.355534174656,49976,10055
756,"November","Índios","Ukulele",100462,8,24984,499.158435614614,49986,10036
757,"May","Ainda É Cedo","Cavaquinho",100237,11,25112,504.398516524086,49900,9973
758,"September","Será","Cavaquinho",100283,14,25008,501.506308315489,50235,10111
759,"May","Será","Violão",100153,11,25073,498.442419144095,50238,10051
760,"March","Ainda É Cedo","Ukulele",99851,9,24988,498.686978674174,50180,9900
761,"March","Ainda É Cedo","Apenas Letra",100393,18,25028,502.070255175635,50030,10102
762,"September","Faroeste Caboclo","Ukulele",100168,7,24931,493.178191441347,50025,9892
763,"December","Ainda É Cedo","Cavaquinho",99796,5,25063,500.076844746358,50106,10009
764,"September","Fábrica","Teclado",99927,9,25423,494.96070108616,49860,10057
765,"January","Será","Teclado",100007,14,24852,505.592841562376,49998,10106
766,"November","Quase Sem Querer","Guitarra",99801,7,24840,501.924713244508,50214,10029
767,"March","A Carta","Violão",99938,9,24872,499.140740801834,49978,10075
768,"March","Vento No Litoral","Violão",99872,10,25072,499.033025836567,49821,9912
769,"March","Faroeste Caboclo","Violão",99438,4,24792,502.579615879727,50072,9935
770,"July","Índios","Apenas Letra",100036,3,24699,501.871991409685,50155,9912
771,"June","Vento No Litoral","Baixo",100324,10,24963,502.956704341192,49695,9807
772,"July","Vento No Litoral","Baixo",99582,7,24922,501.456691116985,49855,9991
773,"October","Fábrica","Baixo",99697,8,24901,497.891461728543,50314,10002
774,"December","Giz","Apenas Letra",99833,10,24885,503.567169402641,50016,9975
775,"July","Há Tempos","Guitarra",100551,10,25460,501.620199175523,50105,9912
776,"December","Fábrica","Cavaquinho",100405,14,25128,494.131610353403,49987,10001
777,"November","Tempo Perdido","Baixo",100197,10,25030,497.994709098754,50219,9964
778,"September","Tempo Perdido","Ukulele",99843,7,24988,497.831474284012,49702,10076
779,"May","Será","Ukulele",99661,11,24870,499.483577255541,50002,10141
780,"January","Ainda É Cedo","Ukulele",99610,8,25051,497.26482371706,50125,9981
781,"August","Faroeste Caboclo","Cavaquinho",100617,11,25042,499.696617873298,50145,10071
782,"December","Vento No Litoral","Baixo",100244,13,25238,497.302317039856,50209,10100
783,"September","Quase Sem Querer","Cavaquinho",100051,9,24866,503.9935745426,50145,10008
784,"May","Há Tempos","Guitarra",99531,9,25272,505.729455681093,49899,10072
785,"September","A Carta","Ukulele",100248,13,25130,505.329751656968,49908,10044
786,"January","A Carta","Cavaquinho",100698,15,25284,501.469769028412,49971,10012
787,"November","Quase Sem Querer","Violão",99990,17,25147,506.32792337504,50112,9933
788,"October","Giz","Apenas Letra",100689,8,25055,498.448860774198,50018,10142
789,"September","Tempo Perdido","Teclado",99457,9,24909,501.801308156907,49639,9939
790,"June","Há Tempos","Violão",99997,8,25110,500.839563375582,49416,9965
791,"November","Índios","Baixo",100450,10,24843,501.282839089379,50034,10023
792,"October","Fábrica","Cavaquinho",99974,7,24659,491.79293054682,49896,9882
793,"July","Será","Violão",99536,9,25046,506.699309517147,49974,9998
794,"October","Fábrica","Teclado",99856,16,24973,494.864475947516,49639,9965
795,"January","Fábrica","Cavaquinho",100166,16,24951,499.559730345172,50181,10005
796,"July","Fábrica","Teclado",100392,10,25111,501.037489105235,49883,9862
797,"October","Quase Sem Querer","Violão",100026,15,24732,498.645109029289,49763,9886
798,"October","Quase Sem Querer","Baixo",99887,8,25119,498.967254764763,50277,9930
799,"March","Será","Guitarra",99564,7,24803,500.643791711953,50127,10023
800,"August","Pais e Filhos","Baixo",100273,8,25091,503.135673374949,49956,9979
801,"February","Índios","Apenas Letra",100048,12,24941,500.936000135143,50267,10032
802,"January","Será","Baixo",100312,10,25084,495.832801828737,49869,10038
803,"January","Fábrica","Teclado",100410,11,24857,495.634339829583,50149,9979
804,"March","Fábrica","Cavaquinho",100325,5,24991,509.926976682503,50122,9914
805,"April","Fábrica","Baixo",100681,9,24776,499.431660630203,49656,9975
806,"May","Há Tempos","Apenas Letra",100602,10,24844,501.97680590721,49775,10073
807,"April","Índios","Ukulele",99878,9,24980,500.655984821977,50091,9873
808,"October","Fábrica","Violão",99536,10,24851,498.332390661124,49841,9965
809,"October","Fábrica","Teclado",99727,7,25204,498.213832631035,49646,10016
810,"February","Faroeste Caboclo","Violão",100497,4,24983,500.477706474439,50262,9864
811,"July","Será","Guitarra",99742,12,24885,496.803487069948,50339,10065
812,"September","A Carta","Cavaquinho",100241,7,24914,495.20843526117,50098,10080
813,"August","Ainda É Cedo","Cavaquinho",100444,12,25293,500.28647143251,49860,9907
814,"February","Há Tempos","Baixo",100070,10,24945,500.973022508812,49991,9916
815,"June","Fábrica","Cavaquinho",99404,12,25128,500.186853810942,49927,10204
816,"December","Fábrica","Baixo",100286,14,25029,504.309095475823,50211,10020
817,"September","Ainda É Cedo","Cavaquinho",100036,6,24798,499.488606189453,49774,10000
818,"April","Tempo Perdido","Violão",99877,14,24996,494.282144611807,50136,10032
819,"June","Quase Sem Querer","Cavaquinho",99917,9,24982,499.948740019279,49986,9955
820,"October","Giz","Violão",99220,13,24968,501.196985902221,50017,10039
821,"April","Giz","Cavaquinho",99264,6,25168,504.879102893147,49752,10177
822,"February","A Carta","Ukulele",99920,9,25223,495.208757549142,49960,9910
823,"August","Fábrica","Guitarra",99522,8,24839,503.455886853599,49824,9972
824,"November","Vento No Litoral","Violão",100196,9,24834,496.424480609354,49909,10173
825,"April","Fábrica","Baixo",99887,11,25026,500.521827263922,49866,9979
826,"September","Ainda É Cedo","Teclado",100131,10,25123,494.248579901469,50369,9963
827,"August","Giz","Baixo",100373,13,24826,494.994563305281,50043,10050
828,"March","Há Tempos","Violão",99565,7,25023,504.856574841469,50063,9757
829,"September","Índios","Baixo",100304,15,24963,497.235256681524,50211,9906
830,"January","Pais e Filhos","Cavaquinho",100277,11,25155,494.947563900637,50594,9947
831,"November","Índios","Teclado",99375,6,24996,494.217108854103,50122,9773
832,"April","Tempo Perdido","Guitarra",99844,10,25145,498.225893412951,50204,9986
833,"January","Faroeste Caboclo","Apenas Letra",100374,14,24940,502.33911380156,49807,10058
834,"December","Pais e Filhos","Cavaquinho",100206,11,24859,501.029533035296,49900,9841
835,"January","Faroeste Caboclo","Apenas Letra",99857,8,24857,502.155957265396,50242,9870
836,"July","Quase Sem Querer","Baixo",99950,9,25049,497.461298642518,49832,9929
837,"August","Será","Cavaquinho",100142,10,25170,496.270731351495,50131,10298
838,"September","Giz","Cavaquinho",99615,14,25106,495.962755338082,50133,9857
839,"May","Pais e Filhos","Baixo",100194,8,24790,497.359427458413,50389,10126
840,"March","Faroeste Caboclo","Baixo",99927,7,24841,503.703818816131,50294,9919
841,"November","Índios","Cavaquinho",100676,4,24802,498.402961859941,50137,10138
842,"November","Ainda É Cedo","Cavaquinho",99836,9,25184,502.593356838932,50332,10013
843,"July","Vento No Litoral","Ukulele",99694,9,25198,497.362692262701,49946,10027
844,"October","Giz","Violão",99901,7,24931,500.289203482369,49859,9948
845,"November","Faroeste Caboclo","Guitarra",99978,10,24794,498.603111763736,50022,9969
846,"August","Índios","Guitarra",100409,6,25121,495.306478918041,49581,9899
847,"June","Há Tempos","Violão",99961,8,24724,493.86343970678,50316,10094
848,"August","Será","Violão",100389,9,25183,500.297482132623,50020,10053
849,"April","Quase Sem Querer","Guitarra",99650,13,24789,498.458178669505,50297,9951
850,"September","Ainda É Cedo","Teclado",99714,11,24982,502.133349142368,50321,9930
851,"November","Vento No Litoral","Baixo",100589,8,25240,495.162172082924,50206,10059
852,"July","Vento No Litoral","Baixo",100118,9,25078,503.445951154857,49725,9991
853,"August","Há Tempos","Guitarra",99883,11,24942,504.631544955941,49976,9997
854,"June","Faroeste Caboclo","Teclado",100027,14,25023,492.972437049565,50385,10090
855,"September","Índios","Baixo",100029,14,24957,503.833130554319,49663,9902
856,"April","Será","Violão",100492,9,24944,496.096133893691,49915,10054
857,"May","Quase Sem Querer","Teclado",100548,5,24866,502.527779925732,50139,9881
858,"November","Ainda É Cedo","Ukulele",100227,12,24769,507.074472632776,49766,9994
859,"January","Ainda É Cedo","Teclado",99784,9,24926,501.607944777295,50246,9942
860,"June","Índios","Violão",100012,7,24911,500.08078563507,49986,10064
861,"April","Pais e Filhos","Apenas Letra",100125,10,25162,499.086731271189,50365,9789
862,"April","A Carta","Teclado",100403,17,25147,499.593612737214,50132,9934
863,"April","Será","Teclado",100077,11,24993,498.425442636354,49887,9980
864,"August","Será","Cavaquinho",99766,13,24922,494.25498166097,49771,10015
865,"April","A Carta","Teclado",100275,11,24829,504.763624843729,50226,9934
866,"June","A Carta","Violão",99849,13,24999,498.178110188404,50057,9888
867,"November","Tempo Perdido","Guitarra",99656,12,25125,496.963114895236,50112,10013
868,"December","Fábrica","Ukulele",100258,13,25018,497.991391754125,49412,9951
869,"March","Há Tempos","Ukulele",100084,13,25151,500.595587537357,50197,10175
870,"August","Pais e Filhos","Apenas Letra",100243,11,25338,499.741883250164,49800,9999
871,"March","Giz","Ukulele",100406,11,25161,498.139542110002,49621,9888
872,"November","A Carta","Ukulele",100010,8,25111,498.540646334814,49816,10055
873,"January","Quase Sem Querer","Violão",100428,7,24999,497.498604559681,50145,10260
874,"January","A Carta","Cavaquinho",99669,7,24997,494.563781938766,49945,10016
875,"April","Ainda É Cedo","Violão",99742,5,25215,500.463855632923,50090,9869
876,"August","Giz","Teclado",99808,11,24583,496.876594909031,49830,10013
877,"September","Quase Sem Querer","Violão",99773,11,24813,501.520490015184,49938,9948
878,"October","Será","Ukulele",99671,7,25095,497.683164622655,50145,10088
879,"August","Quase Sem Querer","Apenas Letra",99961,11,25164,498.019990326494,50144,10182
880,"August","Giz","Violão",99952,5,25120,497.719812512524,49999,10026
881,"October","Faroeste Caboclo","Baixo",100464,9,24842,494.534381016977,50352,10258
882,"March","Há Tempos","Apenas Letra",99908,10,24944,502.093837982192,50143,10122
883,"November","Ainda É Cedo","Guitarra",99540,8,24813,499.145611152481,50005,10035
884,"September","Ainda É Cedo","Cavaquinho",99889,11,24904,503.157675322774,50127,9854
885,"September","Pais e Filhos","Baixo",100303,10,24776,497.449652493951,50426,9935
886,"January","Ainda É Cedo","Teclado",100359,6,25240,501.247512176924,49769,9983
887,"April","Faroeste Caboclo","Guitarra",99867,14,24840,497.70784663047,49988,9958
888,"May","Ainda É Cedo","Violão",99758,13,25092,497.758349803318,50041,10121
889,"July","Vento No Litoral","Ukulele",99829,12,24986,501.988409563182,49584,10090
890,"March","Há Tempos","Ukulele",100413,13,25011,495.931515213437,50226,10000
891,"January","Quase Sem Querer","Violão",100156,7,24730,505.044851455891,50198,10003
892,"August","Faroeste Caboclo","Violão",100479,7,24899,498.261099802214,50047,10173
893,"February","Índios","Guitarra",99697,8,24930,497.719804079049,50196,10102
894,"November","Pais e Filhos","Cavaquinho",100171,8,25060,500.790948921661,49863,10006
895,"November","Fábrica","Violão",100047,10,24673,494.809381506684,49947,9881
896,"April","Será","Baixo",100007,14,24923,500.94173507911,49817,10080
897,"December","Índios","Teclado",100000,13,24978,499.772539421035,50173,10101
898,"December","Giz","Baixo",100061,8,25148,502.631496872365,50010,9992
899,"September","Tempo Perdido","Ukulele",99948,13,25018,495.662377634615,50128,10134
900,"May","A Carta","Baixo",100161,6,25244,504.89050972497,50213,9771
901,"January","Índios","Guitarra",99807,6,25058,494.806297686638,50115,10004
902,"April","Tempo Perdido","Ukulele",100197,9,24679,498.757334969802,49950,9840
903,"February","Pais e Filhos","Guitarra",99659,7,24867,503.738846819935,49856,10063
904,"January","Vento No Litoral","Baixo",100500,6,24887,503.072253236602,50042,10008
905,"January","Faroeste Caboclo","Apenas Letra",100172,11,25014,501.962882139305,50015,9955
906,"December","Será","Teclado",100065,12,24919,494.408758433013,49892,10071
907,"June","Tempo Perdido","Cavaquinho",99588,8,24888,500.113714242462,50442,9990
908,"November","A Carta","Cavaquinho",100319,11,24669,501.290323513937,50191,9965
909,"August","Pais e Filhos","Guitarra",100445,3,25054,493.115863109765,49796,10001
910,"November","Giz","Baixo",100115,5,25038,504.350448295494,50294,9965
911,"October","Quase Sem Querer","Apenas Letra",99739,9,24710,500.053593299628,50375,10078
912,"October","A Carta","Ukulele",100348,13,24924,496.893223485829,50119,10078
913,"February","Faroeste Caboclo","Ukulele",99520,13,24825,498.111996780177,50254,9899
914,"May","Pais e Filhos","Ukulele",100140,11,25094,500.630868591176,49790,10070
915,"June","Faroeste Caboclo","Guitarra",99537,11,24931,505.861670804372,50010,10113
916,"October","Giz","Ukulele",100799,6,25120,495.434867532885,49832,10125
917,"December","Há Tempos","Apenas Letra",99584,15,24967,496.609150148759,49907,10118
918,"May","Fábrica","Apenas Letra",100235,7,25074,496.274652393151,50055,10047
919,"May","Pais e Filhos","Teclado",99711,11,25096,503.193083444018,49877,10058
920,"August","Pais e Filhos","Violão",99744,5,24932,501.83197523793,50142,9820
921,"June","Faroeste Caboclo","Baixo",100110,17,24994,500.906347826238,50367,10051
922,"July","Giz","Apenas Letra",100609,7,24530,496.173140609351,50079,10038
923,"April","Quase Sem Querer","Cavaquinho",100170,10,24984,497.549979203682,50098,10017
924,"April","Índios","Cavaquinho",100109,11,25169,497.386360761022,49718,9930
925,"July","Será","Cavaquinho",100192,9,24951,506.950915563394,50340,9865
926,"October","Quase Sem Querer","Baixo",100161,7,25045,496.487580700566,49878,9949
927,"December","Fábrica","Baixo",99588,7,24810,499.875815664378,49775,10094
928,"February","Índios","Cavaquinho",99983,6,25154,498.698911351928,49475,10161
929,"January","Tempo Perdido","Teclado",100061,11,24997,503.358908174014,49800,9925
930,"September","Pais e Filhos","Apenas Letra",100506,9,24747,503.20443853285,49830,10004
931,"October","Será","Teclado",99667,7,24830,500.226306870899,49896,10037
932,"February","Giz","Baixo",100311,10,24893,504.583932504489,49725,9981
933,"November","Faroeste Caboclo","Guitarra",99894,9,25055,506.533664570118,50078,9852
934,"February","Tempo Perdido","Baixo",100582,9,25199,505.713745321125,50166,10000
935,"February","Pais e Filhos","Teclado",99837,12,25036,502.954745463958,49722,9927
936,"April","Há Tempos","Guitarra",99849,4,24947,494.16064843995,49922,10138
937,"February","Ainda É Cedo","Ukulele",99604,14,25115,500.903396653032,49942,10008
938,"February","A Carta","Teclado",99355,5,25191,501.133553915654,50051,10103
939,"November","Ainda É Cedo","Guitarra",99740,11,24932,494.573658361751,49964,10043
940,"September","Faroeste Caboclo","Apenas Letra",100049,6,24954,504.334921029057,49687,10088
941,"June","Giz","Guitarra",100234,5,25072,503.774389368076,49823,10036
942,"October","Há Tempos","Apenas Letra",100136,8,25216,496.144169811462,50000,9957
943,"September","Vento No Litoral","Teclado",100501,9,25126,503.892030841026,49919,9878
944,"October","Índios","Cavaquinho",99594,12,25039,493.159085600663,49962,10044
945,"July","Vento No Litoral","Guitarra",99934,7,24995,498.883911768383,49617,10133
946,"September","Tempo Perdido","Cavaquinho",99817,9,24853,502.819216655418,50185,9958
947,"November","Índios","Apenas Letra",100117,12,25146,498.216670670247,50221,9782
948,"August","Vento No Litoral","Violão",100433,10,24733,501.515699325442,50322,9835
949,"October","Índios","Cavaquinho",100237,10,25263,497.917259719852,49983,9942
950,"November","Há Tempos","Cavaquinho",99541,17,25363,499.601503521622,49593,10016
951,"February","Há Tempos","Violão",100139,11,24913,492.927391310083,50044,10057
952,"January","Ainda É Cedo","Violão",100113,16,25206,497.807217910917,49906,9954
953,"December","A Carta","Ukulele",99831,6,25031,499.213995386791,49758,10062
954,"March","Quase Sem Querer","Apenas Letra",99909,12,24988,500.725583126045,49927,10151
955,"November","Giz","Guitarra",100083,9,25010,497.976185018296,50054,9753
956,"October","Será","Cavaquinho",100206,13,25352,498.40677053331,49763,9983
957,"May","Será","Guitarra",99621,7,25098,503.709669850945,49887,9936
958,"May","Giz","Apenas Letra",99997,13,25242,502.546898107098,50366,10206
959,"March","Há Tempos","Baixo",99597,9,25274,499.758346947695,49777,10061
960,"June","Vento No Litoral","Cavaquinho",100267,13,24800,499.99410929822,50280,10093
961,"May","Fábrica","Guitarra",99792,13,25123,502.605887719395,50270,10089
962,"July","Ainda É Cedo","Apenas Letra",99943,7,24688,503.595780987713,49597,10147
963,"November","Índios","Violão",99701,11,25064,496.554316055439,50058,10106
964,"September","Giz","Apenas Letra",100136,8,25160,506.904243572147,49688,9967
965,"October","Faroeste Caboclo","Ukulele",99951,14,24640,496.94614760489,49835,9863
966,"March","Quase Sem Querer","Baixo",99905,8,24958,499.100953191275,50251,10088
967,"June","Será","Baixo",99577,13,24737,495.522119581743,49831,10050
968,"December","Ainda É Cedo","Guitarra",99766,12,25193,502.710101569101,49861,9885
969,"March","Índios","Ukulele",99222,17,24964,498.181926912251,49543,9991
970,"August","Ainda É Cedo","Violão",100182,10,25106,501.032142170218,49893,10014
971,"March","Faroeste Caboclo","Ukulele",99708,9,24973,503.958924226551,50463,10061
972,"February","Fábrica","Guitarra",100096,12,24689,498.201695325666,49868,9896
973,"March","Fábrica","Cavaquinho",99879,17,25071,497.561457271622,50215,10019
974,"October","Ainda É Cedo","Cavaquinho",99683,6,25036,498.371634242953,50305,10040
975,"October","Há Tempos","Ukulele",99778,9,24807,506.59137946524,49939,10138
976,"November","Vento No Litoral","Ukulele",100449,7,24887,496.667377071449,49937,9895
977,"August","Ainda É Cedo","Guitarra",99920,8,25046,500.103004028344,49939,10055
978,"June","Índios","Baixo",99500,12,25157,500.685874539987,49953,10116
979,"May","Índios","Violão",99994,10,25152,503.950699838514,49985,10052
980,"August","Fábrica","Apenas Letra",100821,16,24873,500.071198650817,49589,10190
981,"August","Quase Sem Querer","Teclado",100061,10,25397,503.27900098913,49897,10027
982,"August","Tempo Perdido","Cavaquinho",100068,9,25100,498.651242134174,50052,10010
983,"June","A Carta","Violão",100278,2,24686,498.333744331232,49832,9860
984,"April","Fábrica","Apenas Letra",99807,11,25190,502.318278386847,50303,10069
985,"April","Faroeste Caboclo","Ukulele",99793,11,24944,502.578715529174,49998,10022
986,"June","Fábrica","Teclado",99839,5,24968,495.108742011853,49829,10234
987,"June","Giz","Cavaquinho",99784,9,25147,505.417286522187,49964,10054
988,"August","Tempo Perdido","Teclado",100472,9,24919,501.987009240734,50015,10080
989,"July","A Carta","Cavaquinho",100131,16,25221,502.6181219215,50026,9954
990,"July","A Carta","Teclado",99934,7,24843,494.752291212485,49737,10098
991,"February","A Carta","Cavaquinho",99753,5,24888,498.431695079801,50161,9877
992,"September","Pais e Filhos","Cavaquinho",99796,6,25163,502.935633331673,49856,10080
993,"December","A Carta","Cavaquinho",99680,12,25092,498.106293503781,50000,10024
994,"May","Vento No Litoral","Baixo",99367,15,25000,500.850112978152,49694,10090
995,"February","Ainda É Cedo","Ukulele",99731,7,25044,498.809364033271,50055,9958
996,"November","Pais e Filhos","Guitarra",100218,22,24939,494.892196411548,49989,10075
997,"March","Há Tempos","Baixo",99931,13,25008,498.453109148138,49955,10075
998,"February","Ainda É Cedo","Apenas Letra",99598,8,25125,505.249709859231,50122,9883
999,"August","Vento No Litoral","Teclado",100174,15,24776,507.748206168306,49838,9999
1000,"July","Giz","Baixo",99733,4,25105,500.941758549812,50209,9989
